,% Efficency w.r.t. most efficent overhang,,,,,,,% Efficency w.r.t. most efficent overhang (w_eff = 0),,,,,,,,% Efficency w.r.t. most efficent overhang (w_eff = 0.5),,,,,,
,1CBS,,3K2Y,,1LM7,,,,1CBS,,3K2Y,,1LM7,,,,1CBS,,3K2Y,,1LM7,
,SplitSet,OOGGA,SplitSet,OOGGA,SplitSet,OOGGA,,,SplitSet,OOGGA,SplitSet,OOGGA,SplitSet,OOGGA,,,SplitSet,OOGGA,SplitSet,OOGGA,SplitSet,OOGGA
Overhang 1 ,77,95,31,90,81,100,,Overhang 1 ,77,70,31,82,81,70,,Overhang 1 ,77,92,31,90,81,93
Overhang 2,89,100,81,99,81,95,,Overhang 2,89,65,81,65,81,65,,Overhang 2,89,100,81,99,81,92
Overhang 3,85,90,57,100,85,93,,Overhang 3,85,66,57,70,85,30,,Overhang 3,85,83,57,100,85,100
Overhang 4,38,99,77,94,82,92,,Overhang 4,38,62,77,65,82,61,,Overhang 4,38,90,77,95,82,90
,,,,,,,,,,,,,,,,,,,,,,
Net Efficency,22,84,11,85,46,82,,Net Efficency,22,18,11,24,46,8,,Net Efficency,22,74,11,85,46,77
,,,,,,,,,,,,,,,,,,,,,,
,,,,,,,,,,,,,,,,,,,,,,
,% correct assemlies,,,,,,,,% correct assemlies (w_eff = 0),,,,,,,,% correct assemlies (w_eff = 0.5),,,,,
,1CBS,,3K2Y,,1LM7,,,,1CBS,,3K2Y,,1LM7,,,,1CBS,,3K2Y,,1LM7,
,SplitSet,OOGGA,SplitSet,OOGGA,SplitSet,OOGGA,,,SplitSet,OOGGA,SplitSet,OOGGA,SplitSet,OOGGA,,,SplitSet,OOGGA,SplitSet,OOGGA,SplitSet,OOGGA
Overhang 1 ,96,95,98,99,91,95,,Overhang 1 ,96,100,98,99,91,100,,Overhang 1 ,96,98,98,99,91,99
Overhang 2,99,95,97,93,92,95,,Overhang 2,99,99,97,99,92,99,,Overhang 2,99,95,97,93,92,98
Overhang 3,98,96,90,95,98,99,,Overhang 3,98,99,90,100,98,100,,Overhang 3,98,96,90,95,98,95
Overhang 4,99,93,96,95,99,98,,Overhang 4,99,99,96,99,99,99,,Overhang 4,99,99,96,95,99,99
,,,,,,,,,,,,,,,,,,,,,,
Net fidility,92,80,82,83,82,88,,Net fidility,92,98,82,98,82,98,,Net fidility,92,88,82,83,82,91
,,,,,,,,,,,,,,,,,,,,,,
,,,,,,,,,,,,,,,,,,,,,,
,,,,,,,,,,,,,,,,,,,,,,
